{
	"info": {
		"_postman_id": "858b018b-2bdf-4961-827b-a2282b0a8a1b",
		"name": "Libros_Api",
		"schema": "https://schema.getpostman.com/json/collection/v2.1.0/collection.json"
	},
	"item": [
		{
			"name": "Status",
			"item": [
				{
					"name": "Status",
					"event": [
						{
							"listen": "test",
							"script": {
								"exec": [
									"pm.test(\"Status code is 200\", function () {\r",
									"    pm.response.to.have.status(200);\r",
									"});"
								],
								"type": "text/javascript"
							}
						}
					],
					"request": {
						"method": "GET",
						"header": [],
						"url": {
							"raw": "{{Url_Base}}{{Status}}",
							"host": [
								"{{Url_Base}}{{Status}}"
							]
						}
					},
					"response": []
				}
			]
		},
		{
			"name": "Books",
			"item": [
				{
					"name": "List of books",
					"event": [
						{
							"listen": "test",
							"script": {
								"exec": [
									"pm.test(\"Status code is 200\", function () {\r",
									"    pm.response.to.have.status(200);\r",
									"});\r",
									"//OK\r",
									"var arreglo = pm.response.json();\r",
									"pm.test('Libros NO disponibles', ()=> {\r",
									"    var result = arreglo.find(x => x.available == false)\r",
									"    //pm.expect(result).not.to.be.undefined\r",
									"    pm.expect(result.name).equals(\"Just as I Am\")\r",
									"    console.warn(result)\r",
									"});\r",
									"//ERROR\r",
									"pm.test('Libros que contengan la palabra \"The\"', ()=> {\r",
									"    var result2 = arreglo.find(x => x.id )\r",
									"    //pm.expect(result).not.to.be.undefined\r",
									"    pm.expect(result.name).contain(\"The\")\r",
									"    console.warn(result2)\r",
									"});"
								],
								"type": "text/javascript"
							}
						}
					],
					"request": {
						"method": "GET",
						"header": [],
						"url": {
							"raw": "{{Url_Base}}{{List of books}}",
							"host": [
								"{{Url_Base}}{{List of books}}"
							]
						}
					},
					"response": []
				},
				{
					"name": "Get a single book",
					"event": [
						{
							"listen": "test",
							"script": {
								"exec": [
									"pm.test(\"Status code is 200\", function () {\r",
									"    pm.response.to.have.status(200);\r",
									"});\r",
									"pm.test(\"Listar un solo libro\", function () {\r",
									"    var jsonData = pm.response.json();\r",
									"    pm.expect(jsonData.id).to.eql(2);\r",
									"});"
								],
								"type": "text/javascript"
							}
						}
					],
					"request": {
						"method": "GET",
						"header": [],
						"url": {
							"raw": "{{Url_Base}}{{Get a single book}}/:bookId",
							"host": [
								"{{Url_Base}}{{Get a single book}}"
							],
							"path": [
								":bookId"
							],
							"variable": [
								{
									"key": "bookId",
									"value": "2"
								}
							]
						}
					},
					"response": [
						{
							"name": "Get a single book",
							"originalRequest": {
								"method": "GET",
								"header": [],
								"url": {
									"raw": "{{Url_Base}}{{Get a single book}}6",
									"host": [
										"{{Url_Base}}{{Get a single book}}6"
									]
								}
							},
							"status": "OK",
							"code": 200,
							"_postman_previewlanguage": "json",
							"header": [
								{
									"key": "Date",
									"value": "Tue, 24 Jan 2023 16:59:47 GMT"
								},
								{
									"key": "Content-Type",
									"value": "application/json; charset=utf-8"
								},
								{
									"key": "Content-Length",
									"value": "130"
								},
								{
									"key": "Connection",
									"value": "keep-alive"
								},
								{
									"key": "x-powered-by",
									"value": "Express"
								},
								{
									"key": "etag",
									"value": "W/\"82-dKEYek9Gf+Rt5INM7zlwqQLV/ZY\""
								}
							],
							"cookie": [],
							"body": "{\n    \"id\": 6,\n    \"name\": \"Viscount Who Loved Me\",\n    \"author\": \"Julia Quinn\",\n    \"type\": \"fiction\",\n    \"price\": 15.6,\n    \"current-stock\": 1021,\n    \"available\": true\n}"
						}
					]
				}
			]
		},
		{
			"name": "Api",
			"item": [
				{
					"name": "API Authentication",
					"event": [
						{
							"listen": "test",
							"script": {
								"exec": [
									"var response=pm.response.json();\r",
									"var tk_obt=response.accessToken\r",
									"pm.environment.set(\"token\", tk_obt);"
								],
								"type": "text/javascript"
							}
						},
						{
							"listen": "prerequest",
							"script": {
								"exec": [
									"pm.environment.set(\"user\", pm.variables.replaceIn('{{$randomFirstName}}'))\r",
									"pm.environment.set(\"email\", pm.variables.replaceIn('{{$randomEmail}}'))"
								],
								"type": "text/javascript"
							}
						}
					],
					"request": {
						"auth": {
							"type": "bearer",
							"bearer": [
								{
									"key": "token",
									"value": "{{token}}",
									"type": "string"
								}
							]
						},
						"method": "POST",
						"header": [],
						"body": {
							"mode": "raw",
							"raw": "{\r\n   \"clientName\": \"{{name}}\",\r\n   \"clientEmail\": \"{{email}}\"\r\n}",
							"options": {
								"raw": {
									"language": "json"
								}
							}
						},
						"url": {
							"raw": "{{Url_Base}}{{Authentication}}",
							"host": [
								"{{Url_Base}}{{Authentication}}"
							]
						}
					},
					"response": []
				}
			]
		},
		{
			"name": "Orders",
			"item": [
				{
					"name": "Get all orders",
					"event": [
						{
							"listen": "test",
							"script": {
								"exec": [
									"pm.test(\"Status code is 200\", function () {\r",
									"    pm.response.to.have.status(200);\r",
									"});\r",
									"\r",
									"const response = pm.response.json();\r",
									"const availableBooks = response.filter((nombre) => nombre.customerName === 'Daniel');\r",
									"const nombre = availableBooks[0];\r",
									"pm.test('Nombre Solicitante', ()=> {\r",
									"    pm.expect(nombre).to.be.an('object')\r",
									"    pm.expect(nombre.customerName).to.eql('Daniel')\r",
									"});\r",
									"\r",
									""
								],
								"type": "text/javascript"
							}
						}
					],
					"protocolProfileBehavior": {
						"disableBodyPruning": true
					},
					"request": {
						"auth": {
							"type": "bearer",
							"bearer": [
								{
									"key": "token",
									"value": "{{token}}",
									"type": "string"
								}
							]
						},
						"method": "GET",
						"header": [],
						"body": {
							"mode": "raw",
							"raw": "",
							"options": {
								"raw": {
									"language": "json"
								}
							}
						},
						"url": {
							"raw": "{{Url_Base}}{{Sub_Get an orders}}",
							"host": [
								"{{Url_Base}}{{Sub_Get an orders}}"
							]
						}
					},
					"response": []
				},
				{
					"name": "Submit an order",
					"event": [
						{
							"listen": "test",
							"script": {
								"exec": [
									"pm.test(\"Status code is 201\", function () {\r",
									"    pm.response.to.have.status(201);\r",
									"});\r",
									"\r",
									"const response = pm.response.json();\r",
									"const ordid = Object.keys(response).includes('orderId')\r",
									"pm.test('Validar orden', ()=> {\r",
									"    pm.expect(true).to.be.eql(ordid)\r",
									"});\r",
									""
								],
								"type": "text/javascript"
							}
						}
					],
					"request": {
						"auth": {
							"type": "bearer",
							"bearer": [
								{
									"key": "token",
									"value": "{{token}}",
									"type": "string"
								}
							]
						},
						"method": "POST",
						"header": [],
						"body": {
							"mode": "raw",
							"raw": "{\r\n  \"bookId\": 5,\r\n  \"customerName\": \"Andres\"\r\n}",
							"options": {
								"raw": {
									"language": "json"
								}
							}
						},
						"url": {
							"raw": "{{Url_Base}}{{Sub_Get an orders}}",
							"host": [
								"{{Url_Base}}{{Sub_Get an orders}}"
							]
						}
					},
					"response": []
				},
				{
					"name": "Get an order",
					"event": [
						{
							"listen": "test",
							"script": {
								"exec": [
									"pm.test(\"Status code is 200\", function () {\r",
									"    pm.response.to.have.status(200);\r",
									"});\r",
									"\r",
									"const response = pm.response.json();\r",
									"const ordid = Object.keys(response).includes('id')\r",
									"pm.test('Obtener orden', ()=> {\r",
									"    pm.expect(true).to.be.eql(ordid)\r",
									"});"
								],
								"type": "text/javascript"
							}
						}
					],
					"request": {
						"auth": {
							"type": "bearer",
							"bearer": [
								{
									"key": "token",
									"value": "{{token}}",
									"type": "string"
								}
							]
						},
						"method": "GET",
						"header": [],
						"url": {
							"raw": "{{Url_Base}}{{Get_Up_Del an order}}/:orderId",
							"host": [
								"{{Url_Base}}{{Get_Up_Del an order}}"
							],
							"path": [
								":orderId"
							],
							"variable": [
								{
									"key": "orderId",
									"value": "21cfFROhy1VfTBpDYqBnQ"
								}
							]
						}
					},
					"response": []
				},
				{
					"name": "Update an order",
					"event": [
						{
							"listen": "test",
							"script": {
								"exec": [
									"pm.test(\"Status code is 204\", function () {\r",
									"    pm.response.to.have.status(204);\r",
									"});\r",
									"\r",
									"const orderSchema ={\r",
									"    \r",
									"  customerName: \"\"\r",
									"}\r",
									"\r",
									"const body = JSON.parse(pm.request.body.raw);\r",
									"const sameSchema = JSON.stringify(Object.keys(orderSchema))=== JSON.stringify(Object.keys(body))\r",
									"\r",
									"pm.test('Validar estructura',()=> {\r",
									"    pm.expect(true).to.be.eql(sameSchema)\r",
									"});"
								],
								"type": "text/javascript"
							}
						}
					],
					"request": {
						"auth": {
							"type": "bearer",
							"bearer": [
								{
									"key": "token",
									"value": "{{token}}",
									"type": "string"
								}
							]
						},
						"method": "PATCH",
						"header": [],
						"body": {
							"mode": "raw",
							"raw": "{\r\n  \"customerName\": \"DanielCHo\"\r\n}",
							"options": {
								"raw": {
									"language": "json"
								}
							}
						},
						"url": {
							"raw": "{{Url_Base}}{{Get_Up_Del an order}}/:orderId",
							"host": [
								"{{Url_Base}}{{Get_Up_Del an order}}"
							],
							"path": [
								":orderId"
							],
							"query": [
								{
									"key": "NvUnH7vPJlSnC6a-i-Eyc",
									"value": "NvUnH7vPJlSnC6a-i-Eyc",
									"disabled": true
								}
							],
							"variable": [
								{
									"key": "orderId",
									"value": "qEzccmkcGrM3uI3yspW3B"
								}
							]
						}
					},
					"response": []
				},
				{
					"name": "Delete an order",
					"request": {
						"auth": {
							"type": "bearer",
							"bearer": [
								{
									"key": "token",
									"value": "{{token}}",
									"type": "string"
								}
							]
						},
						"method": "DELETE",
						"header": [],
						"url": {
							"raw": "{{Url_Base}}{{Get_Up_Del an order}}",
							"host": [
								"{{Url_Base}}{{Get_Up_Del an order}}"
							]
						}
					},
					"response": []
				}
			]
		}
	]
}