{
	"info": {
		"_postman_id": "185b26c8-3faf-4178-87a4-051a0a283240",
		"name": "Rickandmortyapi",
		"schema": "https://schema.getpostman.com/json/collection/v2.1.0/collection.json"
	},
	"item": [
		{
			"name": "Get all characters",
			"event": [
				{
					"listen": "test",
					"script": {
						"exec": [
							"pm.test(\"Status code is 200\", function () {\r",
							"    pm.response.to.have.status(200);\r",
							"});\r",
							"\r",
							"var jsonData = pm.response.json();\r",
							"//console.warn(jsonData)\r",
							"pm.test('validación de nombre',()=>{\r",
							"    var c_name = jsonData.results.find(x => x.id == 15)\r",
							"    pm.expect(c_name.name).eqls('Alien Rick')\r",
							"})"
						],
						"type": "text/javascript"
					}
				}
			],
			"request": {
				"method": "GET",
				"header": [],
				"url": {
					"raw": "{{Url_Base}}{{Get all characters}}",
					"host": [
						"{{Url_Base}}{{Get all characters}}"
					]
				}
			},
			"response": []
		},
		{
			"name": "Get characters by pag",
			"event": [
				{
					"listen": "test",
					"script": {
						"exec": [
							"pm.test(\"Status code is 200\", function () {\r",
							"    pm.response.to.have.status(200);\r",
							"});\r",
							"\r",
							"pm.test(\"validar género masculino\", function () {\r",
							"    var jsonData = pm.response.json();\r",
							"    //console.warn(jsonData)\r",
							"    pm.expect(jsonData.gender).to.eql('Male');\r",
							"});"
						],
						"type": "text/javascript"
					}
				}
			],
			"request": {
				"method": "GET",
				"header": [],
				"url": {
					"raw": "{{Url_Base}}{{Get all characters}}/:page",
					"host": [
						"{{Url_Base}}{{Get all characters}}"
					],
					"path": [
						":page"
					],
					"variable": [
						{
							"key": "page",
							"value": "1"
						}
					]
				}
			},
			"response": []
		},
		{
			"name": "Get a single character",
			"event": [
				{
					"listen": "test",
					"script": {
						"exec": [
							"pm.test(\"Status code is 200\", function () {\r",
							"    pm.response.to.have.status(200);\r",
							"});\r",
							"\r",
							"var jsonData = pm.response.json();\r",
							"//console.warn(jsonData)\r",
							"pm.test('validación de nombre',()=>{\r",
							"    var c_name = jsonData.results.find(x => x.id == 15)\r",
							"    pm.expect(c_name.name).eqls('Alien Rick')\r",
							"})"
						],
						"type": "text/javascript"
					}
				}
			],
			"request": {
				"method": "GET",
				"header": [],
				"url": {
					"raw": "{{Url_Base}}{{Get all characters}}",
					"host": [
						"{{Url_Base}}{{Get all characters}}"
					]
				}
			},
			"response": []
		}
	]
}